Timestamp,language,problem
10/20/2025 9:45:26,Python,Readability
10/20/2025 10:08:03,Python,Mario
10/20/2025 11:20:23,Python,Filter
10/20/2025 13:37:05,Python,Starting from Scratch
10/20/2025 13:37:06,Scratch,Starting from Scratch
10/20/2025 13:37:07,Python,Credit
10/20/2025 13:37:10,Python,+ACI-Hello, World+ACI-
10/20/2025 13:37:13,C,Cash
10/20/2025 13:37:13,Python,Filter
10/20/2025 13:37:14,Python,Plurality
10/20/2025 13:37:14,Python,Filter
10/20/2025 13:37:14,Python,Speller
10/20/2025 13:37:15,Python,Starting from Scratch
10/20/2025 13:37:15,Python,Filter
10/20/2025 13:37:16,Python,+ACI-Hello, It's Me+ACI-
10/20/2025 13:37:16,Python,+ACI-Hello, World+ACI-
10/20/2025 13:37:17,Python,+ACI-Hello, World+ACI-
10/20/2025 13:37:17,Python,Speller
10/20/2025 13:37:18,Python,Filter
10/20/2025 13:37:18,Python,Cash
10/20/2025 13:37:19,Python,Tideman
10/20/2025 13:37:19,C,Filter
10/20/2025 13:37:19,Python,Plurality
10/20/2025 13:37:19,Scratch,Starting from Scratch
10/20/2025 13:37:19,Python,Starting from Scratch
10/20/2025 13:37:20,Python,Starting from Scratch
10/20/2025 13:37:20,Python,DNA
10/20/2025 13:37:21,Python,Readability
10/20/2025 13:37:21,Python,+ACI-Hello, World+ACI-
10/20/2025 13:37:21,Python,Readability
10/20/2025 13:37:22,C,DNA
10/20/2025 13:37:22,Python,Recover
10/20/2025 13:37:22,Python,Speller
10/20/2025 13:37:23,Python,Credit
10/20/2025 13:37:23,C,Speller
10/20/2025 13:37:23,Python,DNA
10/20/2025 13:37:24,Scratch,+ACI-Hello, World+ACI-
10/20/2025 13:37:24,C,Cash
10/20/2025 13:37:24,Python,Readability
10/20/2025 13:37:25,Scratch,Filter
10/20/2025 13:37:25,Scratch,+ACI-Hello, World+ACI-
10/20/2025 13:37:25,Python,Filter
10/20/2025 13:37:25,Python,Mario
10/20/2025 13:37:25,C,Caesar
10/20/2025 13:37:25,Python,Substitution
10/20/2025 13:37:25,Python,Readability
10/20/2025 13:37:26,Python,+ACI-Hello, It's Me+ACI-
10/20/2025 13:37:26,Scratch,Starting from Scratch
10/20/2025 13:37:26,Python,Scrabble
